{
  "classification": {
    "MobileNetV3-Large": {
      "accuracy": 39.24050632911392,
      "precision": 0.23251165889407058,
      "recall": 0.3924050632911392,
      "f1_score": 0.2917721518987342,
      "confusion_matrix": [
        [
          0,
          0,
          7,
          2,
          0
        ],
        [
          0,
          0,
          14,
          6,
          0
        ],
        [
          0,
          1,
          27,
          4,
          1
        ],
        [
          0,
          0,
          9,
          4,
          0
        ],
        [
          0,
          1,
          0,
          3,
          0
        ]
      ]
    },
    "VGG16": {
      "accuracy": 43.037974683544306,
      "precision": 0.42989289191820834,
      "recall": 0.43037974683544306,
      "f1_score": 0.2724858674225763,
      "confusion_matrix": [
        [
          0,
          0,
          9,
          0,
          0
        ],
        [
          0,
          1,
          19,
          0,
          0
        ],
        [
          0,
          0,
          33,
          0,
          0
        ],
        [
          0,
          0,
          13,
          0,
          0
        ],
        [
          0,
          0,
          4,
          0,
          0
        ]
      ]
    }
  },
  "detection": {
    "YOLOv8n-Cavity": {
      "mAP50": 0.7837860769091017,
      "mAP50-95": 0.41496915283306823,
      "precision": 0.755102546954542,
      "recall": 0.7376311844077961
    },
    "YOLOv8l-Cavity": {
      "mAP50": 0.7608066537430662,
      "mAP50-95": 0.4092210085164144,
      "precision": 0.6919851209854084,
      "recall": 0.739453189398278
    },
    "YOLOv8n-OPG": {
      "mAP50": 0.5975454416331251,
      "mAP50-95": 0.3730441221751622,
      "precision": 0.5990395608005988,
      "recall": 0.5993149332701572
    },
    "YOLOv8l-OPG": {
      "mAP50": 0.8365557876054018,
      "mAP50-95": 0.5722094900731337,
      "precision": 0.8658512145963786,
      "recall": 0.7806513186236516
    }
  },
  "segmentation": {
    "U-Net + ResNet34": {
      "mean_iou": 0.5424586096778512,
      "std_iou": 0.13579717793588517,
      "min_iou": 0.04796380177140236,
      "max_iou": 0.77193284034729
    },
    "DeepLabV3+ (ResNet50)": {
      "mean_iou": 0.5400455391112094,
      "std_iou": 0.1480752862055981,
      "min_iou": 0.0,
      "max_iou": 0.7330214977264404
    }
  },
  "clinical": {
    "EfficientNet-B0": {
      "accuracy": 99.54983922829582,
      "precision": 0.995503539868958,
      "recall": 0.9954983922829582,
      "f1_score": 0.995498259377747,
      "confusion_matrix": [
        [
          386,
          0,
          1,
          0,
          2
        ],
        [
          0,
          350,
          1,
          0,
          0
        ],
        [
          0,
          2,
          187,
          0,
          0
        ],
        [
          0,
          0,
          0,
          360,
          0
        ],
        [
          1,
          0,
          0,
          0,
          265
        ]
      ]
    },
    "DenseNet121": {
      "accuracy": 99.48553054662379,
      "precision": 0.9948872294403097,
      "recall": 0.9948553054662379,
      "f1_score": 0.9948463534433478,
      "confusion_matrix": [
        [
          387,
          1,
          0,
          0,
          1
        ],
        [
          0,
          350,
          1,
          0,
          0
        ],
        [
          0,
          4,
          184,
          0,
          1
        ],
        [
          0,
          0,
          0,
          360,
          0
        ],
        [
          0,
          0,
          0,
          0,
          266
        ]
      ]
    }
  }
}